{
  "$schema": "https://developer.microsoft.com/json-schemas/spfx-build/package-solution.schema.json",
  "solution": {
    "name": "ex-1-client-side-solution",
    "id": "5c4d88d3-1e33-4a4c-834f-430434825bdb",
    "version": "1.0.0.0",
    "includeClientSideAssets": true,
    "skipFeatureDeployment": true,
    "isDomainIsolated": false,
    "developer": {
      "name": "",
      "websiteUrl": "",
      "privacyUrl": "",
      "termsOfUseUrl": "",
      "mpnId": "Undefined-1.20.0"
    },
    "metadata": {
      "shortDescription": {
        "default": "ex-1 description"
      },
      "longDescription": {
        "default": "ex-1 description"
      },
      "screenshotPaths": [],
      "videoUrl": "",
      "categories": []
    },
    "features": [
      {
        "title": "ex-1 Feature",
        "description": "The feature that activates elements of the ex-1 solution.",
        "id": "8d6960d3-63de-4850-890c-d50f09dfa299",
        "version": "1.0.0.0"
      }
    ]
  },
  "paths": {
    "zippedPackage": "solution/ex-1.sppkg"
  }
}
