{
  "@microsoft/generator-sharepoint": {
    "plusBeta": false,
    "isCreatingSolution": true,
    "nodeVersion": "18.20.4",
    "sdksVersions": {
      "@microsoft/microsoft-graph-client": "3.0.2",
      "@microsoft/teams-js": "2.24.0"
    },
    "version": "1.20.0",
    "libraryName": "ex-1",
    "libraryId": "5c4d88d3-1e33-4a4c-834f-430434825bdb",
    "environment": "spo",
    "packageManager": "npm",
    "solutionName": "ex-1",
    "solutionShortDescription": "ex-1 description",
    "skipFeatureDeployment": true,
    "isDomainIsolated": false,
    "componentType": "webpart"
  }
}
